scenario,method,sp_mean,sp_std,sr_mean,sr_std,ay_mean,ay_std,ep_mean,ep_std,fy_mean,fy_std,hp_mean,hp_std,hr_mean,hr_std,mean,std
training,PINN,7.1601,6.8185,7.6488,6.1799,9.2742,8.1327,9.6528,8.3137,8.7779,6.7471,5.3570,4.4972,6.0177,5.8982,7.6984,6.9338
training,IK,6.6489,6.5706,9.1775,7.4944,18.4200,13.6319,1.0761,2.4895,13.6705,11.9067,8.2997,9.4738,8.6417,7.4482,9.4192,10.3968
training,Dynamics,8.0132,7.6609,10.9270,9.2245,21.0843,17.3510,4.4826,7.8296,17.2519,18.9729,10.5823,12.4032,11.0085,9.7745,11.9071,13.6386
heldout,PINN,12.5172,11.9707,7.4855,5.3470,14.6043,11.5364,10.0647,7.4075,9.2680,7.3366,5.3546,3.9335,7.8788,6.5185,9.5962,8.7094
heldout,IK,7.3522,6.8588,10.8648,8.3771,20.7618,15.0150,1.1427,2.7750,15.1558,12.2765,8.9043,8.9379,10.1842,8.8061,10.6237,11.2481
heldout,Dynamics,9.6754,16.3556,12.5288,13.0712,22.5779,18.8624,3.3047,4.1144,17.2307,14.2235,9.2020,10.3754,12.0508,9.5548,12.3672,14.3416
unseen,PINN,11.2575,7.5942,16.0048,14.9095,14.1721,10.3308,10.7375,7.3869,13.5531,10.2653,7.8101,5.2155,10.5825,7.1121,12.0168,9.7782
unseen,IK,10.5857,8.3772,11.9089,7.4812,26.7830,14.7977,0.0033,0.0854,21.9143,15.9244,9.1455,8.3126,14.3486,9.6635,13.5270,13.2087
unseen,Dynamics,10.2270,8.2015,12.8339,8.4711,27.8759,17.2234,3.2959,5.7804,23.9070,18.5696,10.5460,9.5999,16.2664,11.9501,14.9932,14.5401
